id,name,department,country
1,Aarav Sharma,Cardiology,India
2,Emma Johnson,Oncology,USA
3,Liam Smith,Neurology,UK
4,Olivia Brown,Pediatrics,Canada
5,Noah Williams,Radiology,Australia
6,Sophia Garcia,Emergency,Spain
7,Mason Martinez,Orthopedics,Mexico
8,Isabella Davis,Dermatology,USA
9,Lucas Rodriguez,Cardiology,Brazil
10,Mia Wilson,Oncology,UK
11,Ethan Anderson,Neurology,Germany
12,Charlotte Thomas,Pediatrics,France
13,Logan Taylor,Radiology,USA
14,Amelia Moore,Emergency,Italy
15,James Jackson,Orthopedics,Canada
16,Harper White,Dermatology,Australia
17,Benjamin Harris,Cardiology,USA
18,Evelyn Martin,Oncology,India
19,Elijah Thompson,Neurology,UK
20,Abigail Lee,Pediatrics,Singapore
21,Oliver Walker,Radiology,Ireland
22,Emily Hall,Pharmacy,USA
23,William Allen,Surgery,Germany
24,Ella Young,Psychiatry,Netherlands
25,Henry King,Cardiology,South Africa
26,Avery Wright,Oncology,New Zealand
27,Alexander Scott,Neurology,USA
28,Scarlett Green,Pediatrics,UK
29,Daniel Adams,Radiology,Japan
30,Grace Baker,Emergency,South Korea
31,Michael Nelson,Orthopedics,USA
32,Chloe Carter,Dermatology,Canada
33,Jackson Mitchell,Pharmacy,India
34,Lily Perez,Surgery,Mexico
35,Sebastian Roberts,Psychiatry,Brazil
36,Zoey Turner,Cardiology,Argentina
37,David Phillips,Oncology,USA
38,Hannah Campbell,Neurology,UK
39,Joseph Parker,Pediatrics,France
40,Aria Evans,Radiology,Germany
41,Matthew Edwards,Emergency,Italy
42,Layla Collins,Orthopedics,Spain
43,Samuel Stewart,Dermatology,Portugal
44,Penelope Sanchez,Pharmacy,USA
45,Owen Morris,Surgery,Australia
46,Riley Rogers,Psychiatry,Canada
47,Wyatt Reed,Cardiology,UK
48,Nora Cook,Oncology,Sweden
49,Carter Morgan,Neurology,Norway
50,Zoe Bell,Pediatrics,Denmark
51,Julian Murphy,Radiology,Finland
52,Hazel Bailey,Emergency,USA
53,Levi Rivera,Orthopedics,Chile
54,Aurora Cooper,Dermatology,Colombia
55,Isaac Richardson,Pharmacy,India
